instance,n,operator,seed,score,seconds,valid,evaluations,accepts,acc_swap_neighbours,acc_swap_any,acc_move_vertex,acc_reverse_segment,try_swap_neighbours,try_swap_any,try_move_vertex,try_reverse_segment
small-graph,1357,swap_neighbours,1,-1814518,1200.2,True,438156,0,0,0,0,0,438148,0,0,0
small-graph,1357,swap_neighbours,2,-1814518,1200.2,True,438754,0,0,0,0,0,438746,0,0,0
small-graph,1357,swap_neighbours,3,-1814518,1200.2,True,432127,0,0,0,0,0,432119,0,0,0
medium-graph,1399,swap_neighbours,1,-1607522,1201.4,True,55396,0,0,0,0,0,55388,0,0,0
medium-graph,1399,swap_neighbours,2,-1607522,1201.3,True,56251,0,0,0,0,0,56243,0,0,0
medium-graph,1399,swap_neighbours,3,-1607522,1201.3,True,56598,0,0,0,0,0,56590,0,0,0
large-graph,2426,swap_neighbours,1,-4793652,1209.4,True,11992,0,0,0,0,0,11984,0,0,0
large-graph,2426,swap_neighbours,2,-4793652,1209.0,True,12039,0,0,0,0,0,12031,0,0,0
large-graph,2426,swap_neighbours,3,-4793652,1209.0,True,12056,0,0,0,0,0,12048,0,0,0
synth-1,1357,swap_neighbours,1,-1819873,1200.2,True,474268,0,0,0,0,0,474260,0,0,0
synth-1,1357,swap_neighbours,2,-1819873,1200.1,True,468073,23,23,0,0,0,468065,0,0,0
synth-1,1357,swap_neighbours,3,-1818534,1200.1,True,467116,0,0,0,0,0,467108,0,0,0
synth-2,1357,swap_neighbours,1,-1819873,1200.1,True,473399,0,0,0,0,0,473391,0,0,0
synth-2,1357,swap_neighbours,2,-1819874,1200.1,True,462064,0,0,0,0,0,462056,0,0,0
synth-2,1357,swap_neighbours,3,-1818533,1200.2,True,472661,0,0,0,0,0,472653,0,0,0
synth-3,1357,swap_neighbours,1,-1821215,1200.1,True,480506,0,0,0,0,0,480498,0,0,0
synth-3,1357,swap_neighbours,2,-1819873,1200.1,True,471263,0,0,0,0,0,471255,0,0,0
synth-3,1357,swap_neighbours,3,-1819874,1200.1,True,470867,42,42,0,0,0,470859,0,0,0
synth-4,1399,swap_neighbours,1,-1558465,1201.9,True,43117,0,0,0,0,0,43109,0,0,0
synth-4,1399,swap_neighbours,2,-1549741,1201.9,True,42359,0,0,0,0,0,42351,0,0,0
synth-4,1399,swap_neighbours,3,-1554095,1202.0,True,42595,0,0,0,0,0,42587,0,0,0
synth-5,1399,swap_neighbours,1,-1556278,1201.9,True,42878,0,0,0,0,0,42870,0,0,0
synth-5,1399,swap_neighbours,2,-1555186,1201.9,True,43047,0,0,0,0,0,43039,0,0,0
synth-5,1399,swap_neighbours,3,-1557371,1202.0,True,42511,0,0,0,0,0,42503,0,0,0
synth-6,2426,swap_neighbours,1,-4793652,1208.7,True,11482,0,0,0,0,0,11474,0,0,0
synth-6,2426,swap_neighbours,2,-4793652,1208.4,True,11497,0,0,0,0,0,11489,0,0,0
synth-6,2426,swap_neighbours,3,-4793652,2303.8,True,7657,0,0,0,0,0,7649,0,0,0
synth-7,2426,swap_neighbours,1,-4793652,1209.1,True,11471,0,0,0,0,0,11463,0,0,0
synth-7,2426,swap_neighbours,2,-4793652,1208.1,True,11482,0,0,0,0,0,11474,0,0,0
synth-7,2426,swap_neighbours,3,-4793652,1208.7,True,11460,0,0,0,0,0,11452,0,0,0
