timestamp,host,problem,best20,gap,envelope_residual
2026-07-11 22:52:09,Adrians-MacBook-Pro-3,small-graph,-1829914,+5,+5
2026-07-11 22:52:09,Adrians-MacBook-Pro-3,medium-graph,-1739573,+5549,+2799
2026-07-11 22:52:09,Adrians-MacBook-Pro-3,large-graph,-5476686,+16376,+1133
2026-07-12 12:14:25,Adrians-MacBook-Pro-3,small-graph,-1829914,+5,+5
2026-07-12 12:14:25,Adrians-MacBook-Pro-3,medium-graph,-1739573,+5549,+2780
2026-07-12 12:14:25,Adrians-MacBook-Pro-3,large-graph,-5477154,+15908,-98
2026-07-12 13:23:44,Adrians-MacBook-Pro-3,small-graph,-1829914,+5,+5
2026-07-12 13:23:44,Adrians-MacBook-Pro-3,medium-graph,-1739501,+5621,+2851
2026-07-12 13:23:44,Adrians-MacBook-Pro-3,large-graph,-5475038,+18024,+3776
2026-07-12 18:48:33,Adrians-MacBook-Pro-3,small-graph,-1829914,+5,+5
2026-07-12 18:48:33,Adrians-MacBook-Pro-3,medium-graph,-1739725,+5397,+2657
2026-07-12 18:48:33,Adrians-MacBook-Pro-3,large-graph,-5476779,+16283,+2058
2026-07-12 19:22:53,Adrians-MacBook-Pro-3,small-graph,-1829914,+5,+5
2026-07-12 19:22:53,Adrians-MacBook-Pro-3,medium-graph,-1739773,+5349,+2574
2026-07-12 19:22:53,Adrians-MacBook-Pro-3,large-graph,-5476935,+16127,+1758
2026-07-12 19:44:43,Adrians-MacBook-Pro-3,small-graph,-1829914,+5,+5
2026-07-12 19:44:43,Adrians-MacBook-Pro-3,medium-graph,-1739787,+5335,+2555
2026-07-12 19:44:43,Adrians-MacBook-Pro-3,large-graph,-5477717,+15345,+1381
2026-07-12 21:41:08,Adrians-MacBook-Pro-3,small-graph,-1829914,+5,+5
2026-07-12 21:41:08,Adrians-MacBook-Pro-3,medium-graph,-1739817,+5305,+2472
2026-07-12 21:41:08,Adrians-MacBook-Pro-3,large-graph,-5478406,+14656,+557
2026-07-12 21:49:04,Adrians-MacBook-Pro-3,small-graph,-1829914,+5,+5
2026-07-12 21:49:04,Adrians-MacBook-Pro-3,medium-graph,-1739824,+5298,+2471
2026-07-12 21:49:04,Adrians-MacBook-Pro-3,large-graph,-5478410,+14652,+547
2026-07-13 11:20:42,Adrians-MacBook-Pro-3,small-graph,-1829914,+5,+5
2026-07-13 11:20:42,Adrians-MacBook-Pro-3,medium-graph,-1740119,+5003,+2069
2026-07-13 11:20:42,Adrians-MacBook-Pro-3,large-graph,-5480451,+12611,-1328
2026-07-13 11:54:02,Adrians-MacBook-Pro-3,small-graph,-1829914,+5,+5
2026-07-13 11:54:02,Adrians-MacBook-Pro-3,medium-graph,-1740131,+4991,+2066
2026-07-13 11:54:02,Adrians-MacBook-Pro-3,large-graph,-5480605,+12457,-1556
2026-07-13 22:08:38,Adrians-MacBook-Pro-3,small-graph,-1829914,+5,+5
2026-07-13 22:08:38,Adrians-MacBook-Pro-3,medium-graph,-1740405,+4717,+1585
2026-07-13 22:08:38,Adrians-MacBook-Pro-3,large-graph,-5481135,+11927,-2045
2026-07-14 15:57:27,Adrians-MacBook-Pro-3,small-graph,-1829914,+5,+5
2026-07-14 15:57:27,Adrians-MacBook-Pro-3,medium-graph,-1740711,+4411,+1279
2026-07-14 15:57:27,Adrians-MacBook-Pro-3,large-graph,-5481698,+11364,-3277
2026-07-15 16:53:11,Adrians-MacBook-Pro-3,small-graph,-1829914,+5,+5
2026-07-15 16:53:11,Adrians-MacBook-Pro-3,medium-graph,-1740959,+4163,+1040
2026-07-15 16:53:11,Adrians-MacBook-Pro-3,large-graph,-5481920,+11142,-3888
2026-07-16 09:06:37,Adrians-MacBook-Pro-3,small-graph,-1829914,+5,+5
2026-07-16 09:06:37,Adrians-MacBook-Pro-3,medium-graph,-1741796,+3326,+115
2026-07-16 09:06:37,Adrians-MacBook-Pro-3,large-graph,-5482313,+10749,-4277
2026-07-17 11:03:11,Adrians-MacBook-Pro-3,small-graph,-1829914,+5,+5
2026-07-17 11:03:11,Adrians-MacBook-Pro-3,medium-graph,-1741804,+3318,+109
2026-07-17 11:03:11,Adrians-MacBook-Pro-3,large-graph,-5482442,+10620,-4403
2026-07-18 03:04:23,Adrians-MacBook-Pro-3,small-graph,-1829914,+5,+5
2026-07-18 03:04:23,Adrians-MacBook-Pro-3,medium-graph,-1741938,+3184,-324
2026-07-18 03:04:23,Adrians-MacBook-Pro-3,large-graph,-5482458,+10604,-4570
2026-07-18 11:47:16,Adrians-MacBook-Pro-3,small-graph,-1829914,+5,+5
2026-07-18 11:47:16,Adrians-MacBook-Pro-3,medium-graph,-1742064,+3058,-482
2026-07-18 11:47:16,Adrians-MacBook-Pro-3,large-graph,-5482458,+10604,-4637
2026-07-18 13:17:51,Adrians-MacBook-Pro-3,small-graph,-1829914,+5,+5
2026-07-18 13:17:51,Adrians-MacBook-Pro-3,medium-graph,-1742082,+3040,-539
2026-07-18 13:17:51,Adrians-MacBook-Pro-3,large-graph,-5482458,+10604,-4638
2026-07-19 11:50:19,Adrians-MacBook-Pro-3,small-graph,-1829914,+5,+5
2026-07-19 11:50:19,Adrians-MacBook-Pro-3,medium-graph,-1742847,+2275,-1291
2026-07-19 11:50:19,Adrians-MacBook-Pro-3,large-graph,-5482503,+10559,-5352
2026-07-19 16:52:38,Adrians-MacBook-Pro-3,small-graph,-1829914,+5,+5
2026-07-19 16:52:38,Adrians-MacBook-Pro-3,medium-graph,-1742849,+2273,-1297
2026-07-19 16:52:38,Adrians-MacBook-Pro-3,large-graph,-5482647,+10415,-5489
2026-07-20 14:26:14,Adrians-MacBook-Pro-3,small-graph,-1829914,+5,+5
2026-07-20 14:26:14,Adrians-MacBook-Pro-3,medium-graph,-1743235,+1887,-1523
